{
    "api": {
        "id": null,
        "worker-id": null
    },
    "http": {
        "enabled": false,
        "host": "116.202.3.220",
        "port": 23656,
        "access-token": null,
        "restricted": true
    },
    "autosave": true,
    "background": false,
    "colors": true,
    "title": true,
    "randomx": {
        "init": -1,
        "init-avx2": -1,
        "mode": "auto",
        "1gb-pages": false,
        "rdmsr": true,
        "wrmsr": true,
        "cache_qos": false,
        "numa": true,
        "scratchpad_prefetch_mode": 1
    },
    "cpu": {
        "enabled": true,
        "huge-pages": true,
        "huge-pages-jit": false,
        "hw-aes": null,
        "priority": null,
        "memory-pool": false,
        "yield": true,
        "asm": true,
        "argon2-impl": null,
        "argon2": [0, 4, 1, 5, 2, 6, 3, 7],
        "astrobwt": [0, 4, 1, 5, 2, 6, 3, 7],
        "cn": [
            [1, 0],
            [1, 1],
            [1, 2],
            [1, 3]
        ],
        "cn-heavy": [
            [1, 0],
            [1, 1]
        ],
        "cn-lite": [
            [1, 0],
            [1, 4],
            [1, 1],
            [1, 5],
            [1, 2],
            [1, 6],
            [1, 3],
            [1, 7]
        ],
        "cn-pico": [
            [2, 0],
            [2, 4],
            [2, 1],
            [2, 5],
            [2, 2],
            [2, 6],
            [2, 3],
            [2, 7]
        ],
        "cn/upx2": [
            [2, 0],
            [2, 4],
            [2, 1],
            [2, 5],
            [2, 2],
            [2, 6],
            [2, 3],
            [2, 7]
        ],
        "ghostrider": [
            [8, 0],
            [8, 1],
            [8, 2],
            [8, 3]
        ],
        "rx": [0, 1, 2, 3],
        "rx/wow": [0, 4, 1, 5, 2, 6, 3, 7],
        "cn-lite/0": false,
        "cn/0": false,
        "rx/arq": "rx/wow",
        "rx/keva": "rx/wow"
    },
    "opencl": {
        "enabled": false,
        "cache": true,
        "loader": null,
        "platform": "AMD",
        "adl": true
    },
    "cuda": {
        "enabled": false,
        "loader": null,
        "nvml": true,
        "astrobwt": [
            {
                "index": 0,
                "threads": 32,
                "blocks": 6,
                "bfactor": 8,
                "bsleep": 25,
                "affinity": -1
            }
        ],
        "cn": [
            {
                "index": 0,
                "threads": 60,
                "blocks": 15,
                "bfactor": 8,
                "bsleep": 25,
                "affinity": -1
            }
        ],
        "cn-heavy": [
            {
                "index": 0,
                "threads": 30,
                "blocks": 15,
                "bfactor": 8,
                "bsleep": 25,
                "affinity": -1
            }
        ],
        "cn-lite": [
            {
                "index": 0,
                "threads": 120,
                "blocks": 15,
                "bfactor": 8,
                "bsleep": 25,
                "affinity": -1
            }
        ],
        "cn-pico": [
            {
                "index": 0,
                "threads": 4,
                "blocks": 40,
                "bfactor": 8,
                "bsleep": 25,
                "affinity": -1
            }
        ],
        "cn/2": [
            {
                "index": 0,
                "threads": 4,
                "blocks": 40,
                "bfactor": 8,
                "bsleep": 25,
                "affinity": -1
            }
        ],
        "cn/upx2": [
            {
                "index": 0,
                "threads": 4,
                "blocks": 40,
                "bfactor": 8,
                "bsleep": 25,
                "affinity": -1
            }
        ],
        "kawpow": [
            {
                "index": 0,
                "threads": 256,
                "blocks": 10240,
                "bfactor": 8,
                "bsleep": 25,
                "affinity": -1
            }
        ],
        "rx": [
            {
                "index": 0,
                "threads": 32,
                "blocks": 10,
                "bfactor": 8,
                "bsleep": 25,
                "affinity": -1,
                "dataset_host": false
            }
        ],
        "cn-lite/0": false,
        "cn/0": false
    },
    "log-file": null,
    "donate-level": 0,
    "donate-over-proxy": 0,
    "pools": [
        {
            "algo": "rx/xdag",
            "coin": null,
            "url": "stratum+tcp://116.202.3.220:23656",
            "user": "2+5C6FxuAY/iFHPK77fXpXFOy1Mcm6MN",
            "pass": "sssss",
            "rig-id": null,
            "nicehash": false,
            "keepalive": false,
            "enabled": true,
            "tls": false,
            "tls-fingerprint": null,
            "daemon": false,
            "socks5": null,
            "self-select": null,
            "submit-to-origin": false
        }
    ],
    "retries": 5,
    "retry-pause": 5,
    "print-time": 60,
    "health-print-time": 60,
    "dmi": true,
    "syslog": false,
    "tls": {
        "enabled": false,
        "protocols": null,
        "cert": null,
        "cert_key": null,
        "ciphers": null,
        "ciphersuites": null,
        "dhparam": null
    },
    "dns": {
        "ipv6": false,
        "ttl": 30
    },
    "user-agent": null,
    "verbose": 0,
    "watch": true,
    "pause-on-battery": false,
    "pause-on-active": false
}
